iter	RMSE
0	0.1973415992
5	0.1911670205
10	0.1873820227
15	0.1846509731
20	0.182809138
25	0.1814081692
30	0.1804546788
