iter	RMSE
0	0.1977388479
5	0.1930743474
10	0.1900229534
15	0.1880951729
20	0.1867294882
25	0.1856774859
30	0.1849251993
35	0.184367578
40	0.1838351059
45	0.1834891653
50	0.1831342231
55	0.1827733455
60	0.1824724453
65	0.1823128536
70	0.1820878614
75	0.1817824259
80	0.1815458381
85	0.1814201418
90	0.1812845592
95	0.1810508821
100	0.1808426164
105	0.180785257
110	0.1806616255
115	0.1805627974
120	0.1804380833
125	0.180359211
130	0.180141336
135	0.179995761
140	0.1798750422
