iter	RMSE
0	0.1986566382
5	0.1973627264
10	0.1961838258
